"country","dest","mean","sd"
"AT","Coastal and ocean water",0,0
"AT","Coastal and ocean water (MP)",0,0
"AT","Fresh water",3.94282890379106e-05,1.50838028435248e-05
"AT","Fresh water (MP)",1.76924746922544e-05,7.65304368785317e-06
"AT","Soil",0.00103664424534689,0.000326665016323509
"AT","Soil (MP)",0.000566013638091151,0.000166475711731762
"AT","Subsurface soil (MP)",4.16787572803372e-05,1.9398620563388e-05
"BE","Coastal and ocean water",1.16562596276932e-05,2.94291913104498e-06
"BE","Coastal and ocean water (MP)",2.63285629672188e-06,1.14838386638668e-06
"BE","Fresh water",3.72525470480822e-05,1.17680650378795e-05
"BE","Fresh water (MP)",1.24141771615511e-05,6.45007886391718e-06
"BE","Soil",0.00194847175158576,0.000681730395817483
"BE","Soil (MP)",0.000506984923105786,0.000159412523149804
"BE","Subsurface soil (MP)",4.33005291942446e-05,2.01562219679425e-05
"BG","Coastal and ocean water",9.75068809452622e-06,2.3882944812177e-06
"BG","Coastal and ocean water (MP)",5.87779090373657e-06,5.28127738037942e-06
"BG","Fresh water",0.000114183261515618,3.96236145746846e-05
"BG","Fresh water (MP)",1.40540757675317e-05,6.38112702581694e-06
"BG","Soil",0.00288411048386581,0.00093142514650976
"BG","Soil (MP)",0.000492798075023587,0.000161035847887213
"BG","Subsurface soil (MP)",4.83878366087992e-05,2.11917641596139e-05
"CH","Coastal and ocean water",0,0
"CH","Coastal and ocean water (MP)",0,0
"CH","Fresh water",2.99766762778638e-05,1.09180343757903e-05
"CH","Fresh water (MP)",1.71466909564352e-05,7.44853416592445e-06
"CH","Soil",0.00104496216750705,0.000365937750646515
"CH","Soil (MP)",0.00050692760657528,0.000161793827014594
"CH","Subsurface soil (MP)",4.17652220832474e-05,1.9665999564439e-05
"CY","Coastal and ocean water",3.22747787580814e-05,9.11059137611577e-06
"CY","Coastal and ocean water (MP)",3.5126932566535e-05,2.08923159135521e-05
"CY","Fresh water",0.000125012127181092,4.86587848877179e-05
"CY","Fresh water (MP)",1.49419030166338e-05,7.28687858301037e-06
"CY","Soil",0.00260979966858344,0.000723416846351571
"CY","Soil (MP)",0.000620786641119356,0.000173744133670706
"CY","Subsurface soil (MP)",5.34644075920689e-05,2.29757826481678e-05
"CZ","Coastal and ocean water",0,0
"CZ","Coastal and ocean water (MP)",0,0
"CZ","Fresh water",5.86779281360148e-05,2.02420236863386e-05
"CZ","Fresh water (MP)",1.53182760585064e-05,8.77246495375079e-06
"CZ","Soil",0.00203613398811372,0.000633146392167874
"CZ","Soil (MP)",0.000584413531759511,0.000167408396127971
"CZ","Subsurface soil (MP)",5.31196733691668e-05,2.27104127779025e-05
"DE","Coastal and ocean water",9.240280179282e-06,2.87667479308561e-06
"DE","Coastal and ocean water (MP)",1.08549448888815e-05,6.18143203146761e-06
"DE","Fresh water",4.2474608723337e-05,1.71838883655163e-05
"DE","Fresh water (MP)",1.50391854343825e-05,7.72497832349084e-06
"DE","Soil",0.00111633365885865,0.000363821965969717
"DE","Soil (MP)",0.000523065138355034,0.000160823374732818
"DE","Subsurface soil (MP)",4.18980459661864e-05,1.98772776581443e-05
"DK","Coastal and ocean water",0.000397253007970254,0.000141458557094308
"DK","Coastal and ocean water (MP)",0.000124572226824565,3.64867207291173e-05
"DK","Fresh water",3.46575792526628e-05,1.37703991206153e-05
"DK","Fresh water (MP)",1.92154354753294e-05,1.16218517940925e-05
"DK","Soil",0.00110512683942589,0.000370215424143389
"DK","Soil (MP)",0.000460897354695081,0.000150182051779761
"DK","Subsurface soil (MP)",4.14097851593705e-05,1.94155663060891e-05
"EE","Coastal and ocean water",0.000171247711546554,5.92908911536916e-05
"EE","Coastal and ocean water (MP)",7.2357735174944e-05,2.6642666416742e-05
"EE","Fresh water",7.5317791207427e-06,3.30551238206512e-06
"EE","Fresh water (MP)",1.72074395417133e-05,7.29664364193736e-06
"EE","Soil",0.00166077766647646,0.000441257138582927
"EE","Soil (MP)",0.000497981413102155,0.000154958273456498
"EE","Subsurface soil (MP)",4.97934087929428e-05,2.15068667506811e-05
"EL","Coastal and ocean water",0.0003406120199795,0.000103030540142054
"EL","Coastal and ocean water (MP)",5.47748638129575e-05,2.69342623712114e-05
"EL","Fresh water",3.94413968891132e-05,1.41652036230897e-05
"EL","Fresh water (MP)",1.00938960006317e-05,4.20339548167374e-06
"EL","Soil",0.00307031439802683,0.000966637518222132
"EL","Soil (MP)",0.00042544673334519,0.000152778043868578
"EL","Subsurface soil (MP)",4.58603750986766e-05,2.06931212391116e-05
"ES","Coastal and ocean water",7.94739200236176e-05,2.43125148304935e-05
"ES","Coastal and ocean water (MP)",2.84754698445445e-05,9.23245836197279e-06
"ES","Fresh water",8.62263129534719e-05,3.42360484198781e-05
"ES","Fresh water (MP)",9.24767557293271e-06,5.37631107883851e-06
"ES","Soil",0.00184593146976905,0.000588755957350997
"ES","Soil (MP)",0.000482721489718815,0.000161484006176077
"ES","Subsurface soil (MP)",4.93493342506262e-05,2.15611742523101e-05
"FI","Coastal and ocean water",9.3733185395291e-05,3.36546642861968e-05
"FI","Coastal and ocean water (MP)",1.9301049397244e-05,4.13084642160364e-06
"FI","Fresh water",4.76028074270802e-05,1.85914643173015e-05
"FI","Fresh water (MP)",4.26129397276719e-05,1.84173147999011e-05
"FI","Soil",0.00109605174619709,0.000339154580439335
"FI","Soil (MP)",0.000600897538883639,0.000167900850693039
"FI","Subsurface soil (MP)",4.17466610267342e-05,1.97405188949658e-05
"FR","Coastal and ocean water",9.93513844256848e-05,2.83127478478288e-05
"FR","Coastal and ocean water (MP)",1.98302087072501e-05,6.49419291094734e-06
"FR","Fresh water",2.61956409221357e-05,9.68022384824911e-06
"FR","Fresh water (MP)",6.60925967098672e-06,3.62939590669404e-06
"FR","Soil",0.00201874395057138,0.000681283058461366
"FR","Soil (MP)",0.00058974006925935,0.000168907671913457
"FR","Subsurface soil (MP)",4.19403408090291e-05,1.98809686573391e-05
"HR","Coastal and ocean water",0.000170228699107737,5.04648806674426e-05
"HR","Coastal and ocean water (MP)",6.83347151246077e-05,2.84544990699713e-05
"HR","Fresh water",5.08359921918854e-05,1.83644478152624e-05
"HR","Fresh water (MP)",2.03221970639515e-05,1.57573376084882e-05
"HR","Soil",0.00208564053817493,0.000640968987859434
"HR","Soil (MP)",0.000497854160823451,0.000158453472672155
"HR","Subsurface soil (MP)",4.24149158838996e-05,1.98277712075024e-05
"HU","Coastal and ocean water",0,0
"HU","Coastal and ocean water (MP)",0,0
"HU","Fresh water",8.46941581296685e-05,3.14825364313981e-05
"HU","Fresh water (MP)",1.91092011450057e-05,9.31422141849742e-06
"HU","Soil",0.00215962292620637,0.000671110141410633
"HU","Soil (MP)",0.000643309123693368,0.000177308446280866
"HU","Subsurface soil (MP)",5.50174545923421e-05,2.34736286597904e-05
"IE","Coastal and ocean water",9.05122990939358e-05,3.12144060377155e-05
"IE","Coastal and ocean water (MP)",3.28171921886154e-05,1.2701604042732e-05
"IE","Fresh water",4.31393121089674e-05,1.8321774199155e-05
"IE","Fresh water (MP)",2.58863601071417e-05,1.14893538309346e-05
"IE","Soil",0.00132354334856339,0.000422619230128991
"IE","Soil (MP)",0.000490972030466723,0.00015752506147414
"IE","Subsurface soil (MP)",4.56638139366547e-05,2.04790259178073e-05
"IT","Coastal and ocean water",9.83810043715364e-05,3.14970881513406e-05
"IT","Coastal and ocean water (MP)",2.81644624527711e-05,1.35297958576904e-05
"IT","Fresh water",5.56543315136373e-05,2.28953379870079e-05
"IT","Fresh water (MP)",7.10365452534883e-06,4.3773882738702e-06
"IT","Soil",0.00458292328460791,0.00128235140122768
"IT","Soil (MP)",0.000483853942730541,0.000155053351124782
"IT","Subsurface soil (MP)",4.97658512852453e-05,2.16644625944279e-05
"LT","Coastal and ocean water",0.00012846172726537,4.7597647682918e-05
"LT","Coastal and ocean water (MP)",2.32667137205471e-05,4.59051870330441e-06
"LT","Fresh water",4.54281204256042e-05,1.7218811412836e-05
"LT","Fresh water (MP)",1.91609044936026e-05,9.34613228557634e-06
"LT","Soil",0.00145230184277541,0.000457729657595106
"LT","Soil (MP)",0.000570538091162094,0.000166414119715284
"LT","Subsurface soil (MP)",5.62917219385427e-05,2.39510607589554e-05
"LU","Coastal and ocean water",0,0
"LU","Coastal and ocean water (MP)",0,0
"LU","Fresh water",2.60506279740532e-05,8.48586076381797e-06
"LU","Fresh water (MP)",1.42427503614771e-05,1.00239179799287e-05
"LU","Soil",0.00149950245227256,0.000493765511870154
"LU","Soil (MP)",0.000577180996282874,0.00016447943107374
"LU","Subsurface soil (MP)",4.29370029417759e-05,2.00212524503665e-05
"LV","Coastal and ocean water",0.000174266864899787,6.22423225047317e-05
"LV","Coastal and ocean water (MP)",3.56743423839227e-05,7.49759346011435e-06
"LV","Fresh water",6.94333571866874e-05,2.71512716186323e-05
"LV","Fresh water (MP)",2.73356194096883e-05,1.34592306104166e-05
"LV","Soil",0.00194706663312902,0.000545204664678498
"LV","Soil (MP)",0.000557177101128719,0.000162241480821309
"LV","Subsurface soil (MP)",4.17082808719187e-05,1.97190165099112e-05
"MT","Coastal and ocean water",2.99058356971678e-05,8.34334243599208e-06
"MT","Coastal and ocean water (MP)",0.00010700297411894,5.64935378844452e-05
"MT","Fresh water",4.40587590092377e-05,1.80741806125194e-05
"MT","Fresh water (MP)",1.46555351267387e-05,5.90117992259115e-06
"MT","Soil",0.00128422298552313,0.000379882837441962
"MT","Soil (MP)",0.000396913674108707,0.000147535792448452
"MT","Subsurface soil (MP)",4.14449234092672e-05,1.9717323222474e-05
"NL","Coastal and ocean water",6.34376527655263e-05,2.13321037599342e-05
"NL","Coastal and ocean water (MP)",1.87884384044501e-05,6.39051119903796e-06
"NL","Fresh water",3.35437464956595e-05,1.18369287142357e-05
"NL","Fresh water (MP)",2.47245075546707e-05,1.11158775859202e-05
"NL","Soil",0.00127329464378921,0.000453373250091403
"NL","Soil (MP)",0.000469659223977138,0.000157703237280505
"NL","Subsurface soil (MP)",4.1654803898741e-05,1.96243070852748e-05
"NO","Coastal and ocean water",0.00127289626570947,0.000460912052496299
"NO","Coastal and ocean water (MP)",0.000280443696587635,5.58421616847281e-05
"NO","Fresh water",4.81643243220172e-06,2.09369349457732e-06
"NO","Fresh water (MP)",9.35350244472759e-06,5.31587178569232e-06
"NO","Soil",0.000901004361238959,0.000275795944125426
"NO","Soil (MP)",0.000477266911835715,0.000150349603264681
"NO","Subsurface soil (MP)",4.00676892666557e-05,1.9076786934066e-05
"PL","Coastal and ocean water",2.31540862538776e-05,7.43186722536464e-06
"PL","Coastal and ocean water (MP)",4.61114095573659e-06,1.05560460901932e-06
"PL","Fresh water",4.83951228607119e-05,1.42819781239977e-05
"PL","Fresh water (MP)",1.38396983967088e-05,6.79395941924659e-06
"PL","Soil",0.00249630411294228,0.000813667586435075
"PL","Soil (MP)",0.000511489724347044,0.000162866606733092
"PL","Subsurface soil (MP)",4.40408338518221e-05,2.01846212911665e-05
"PT","Coastal and ocean water",6.55933569824268e-05,1.83257165276557e-05
"PT","Coastal and ocean water (MP)",2.61340816373719e-05,1.23041074600101e-05
"PT","Fresh water",0.00010151848134786,3.7794401653943e-05
"PT","Fresh water (MP)",1.54861382572126e-05,6.10897086661284e-06
"PT","Soil",0.00212684699124983,0.000699762186796146
"PT","Soil (MP)",0.000472907851884544,0.000157323285660245
"PT","Subsurface soil (MP)",5.23092266141631e-05,2.25301093872929e-05
"RO","Coastal and ocean water",2.7979414455389e-06,6.69797399430162e-07
"RO","Coastal and ocean water (MP)",2.99101858977523e-06,3.64184394104597e-06
"RO","Fresh water",3.38775944812175e-05,9.68511126163502e-06
"RO","Fresh water (MP)",1.18091343104187e-05,6.63834632806386e-06
"RO","Soil",0.00441564370040483,0.00131379536640152
"RO","Soil (MP)",0.000473429756576104,0.000159451931119002
"RO","Subsurface soil (MP)",7.20447824258651e-05,3.26030331450274e-05
"SE","Coastal and ocean water",0.00012411308415586,3.46001288996173e-05
"SE","Coastal and ocean water (MP)",3.43708943870396e-05,9.35352064078883e-06
"SE","Fresh water",6.30808155101377e-06,2.48261409577113e-06
"SE","Fresh water (MP)",2.51840006678622e-05,1.53244967848414e-05
"SE","Soil",0.0010343029254825,0.000309004832126244
"SE","Soil (MP)",0.000550760745494337,0.000163039227209119
"SE","Subsurface soil (MP)",4.13274347525203e-05,1.97019422162936e-05
"SI","Coastal and ocean water",1.7307258625755e-06,5.48086959924224e-07
"SI","Coastal and ocean water (MP)",2.8322940186281e-06,2.86060694021124e-06
"SI","Fresh water",3.79143671735683e-05,1.35474900233444e-05
"SI","Fresh water (MP)",1.30916979068712e-05,6.21674462197426e-06
"SI","Soil",0.00122597504973353,0.000425682849474439
"SI","Soil (MP)",0.000494027221466409,0.000157719739893746
"SI","Subsurface soil (MP)",4.27037717229223e-05,1.96541898624045e-05
"SK","Coastal and ocean water",0,0
"SK","Coastal and ocean water (MP)",0,0
"SK","Fresh water",0.000239322799278028,8.65280365929325e-05
"SK","Fresh water (MP)",1.77294033554587e-05,9.86478822709289e-06
"SK","Soil",0.00290094674863195,0.000865692043416412
"SK","Soil (MP)",0.000617266353751658,0.000174883350127159
"SK","Subsurface soil (MP)",6.27077356576676e-05,2.76040635158481e-05
"UK","Coastal and ocean water",4.94722097840915e-05,1.50068939142088e-05
"UK","Coastal and ocean water (MP)",3.51770369581878e-05,1.77965740877288e-05
"UK","Fresh water",4.15174136305134e-05,1.28525047661051e-05
"UK","Fresh water (MP)",1.6302929658491e-05,6.90689923907951e-06
"UK","Soil",0.00162592611597089,0.000572122918860307
"UK","Soil (MP)",0.000451966605535291,0.000153763899749369
"UK","Subsurface soil (MP)",4.15802451747294e-05,1.98256278054847e-05
